To Survive, Venezuela’s Leader Gives Up Decades of Control Over Oil;2;8
Missoni Zigzags on the Wrist;11;3
1,000 Workers, Go Home: Companies Act to Ward Off Coronavirus;2;26
Stimulus, Biden, Polar Bears: Your Monday Evening Briefing;7;20
Climate change? U.S. oil giants are doubling down on fossil fuels.;9;21
A flurry of activity suggests that deal-making isn’t dead.;7;21
Reopening Optimism Helps Wall Street;5;27
Say Yes to Progressive Taxation;10;28
Here’s the business news to watch this week.;7;27
Exxon Mobil cuts billions in capital spending as oil and gas prices remain low.;11;30
Big Oil Is in Trouble. Its Plan: Flood Africa With Plastic.;8;30
Dividends Are Down, but They Are Vastly Better Than Expected;11;20
This Border Town Was on the Rise. Then the Pandemic Hit.;7;18
Coronavirus Adds to Pressure for U.S. Oil Industry;2;4
An American Mustache That Irritated South Koreans Is No More;7;27
Stocks Fall as Second Virus Case in U.S. Spooks Investors;1;24
Oil Companies on Tumbling Prices: ‘Disastrous, Devastating’;3;31
California’s 40-Year-Old Tax Revolt Survives a Counterattack;11;11
Church of England Devises an Index for Climate-Conscious Investing;1;31
Trump Promotes Oil Deal That May Not Exist;4;3
Why Some Tropical Fish Are Gettin’ Squiggly With It;8;22
BP Prepares for a Future That Needs Less Oil;6;15
The High Line’s Latest Starchitect Project;1;24
How Hard Can It Be to Choose a Hardwood Floor?;1;7
Happy 30th Anniversary, ‘Twin Peaks.’ Go Down the Rabbit Hole.;4;8
‘Every Day Matters’: Guardian Stops Accepting Fossil Fuel Ads;1;30
The T List: What to Wear, See and Know About This Week;1;16
The Best of Milan Fashion Week, in Pictures;2;19
Trump Meets With Iraqi Leader Amid Negotiations Over U.S. Troop Levels;8;20
Trump Gives Venezuela’s Guaidó the Embrace He Wanted;2;6
The Oil Industry’s Glut Has a Bright Spot: Tanker Storage;4;23
Storming the Catwalk in an L.L. Bean Boot;2;5
The Jewelry Designer Inspired by Ancient Rituals and Artifacts;8;10
The Future of Energy;9;15
3 Art Gallery Shows to Explore From Home;4;2
A Rush to Stocks, Driven by Bargains and Bravery;4;8
$1.6 Million Homes in California;12;7
Markets Throw a Welcome Party of Sorts for Biden;11;25
The T List: Five Things We Recommend This Week;4;16
What to See Right Now in New York Art Galleries;1;2
The World Is Running Out of Places to Store Its Oil;3;26
Oil Prices Jump, and Stocks Slide, After U.S. Kills Iranian General;1;3
Groups Trying to Open Golf to Young People Are Struggling Themselves;11;27
New Rule in California Will Require Zero-Emissions Trucks;6;25
China’s Swimwear Capital Can’t Wait for You to Go Back to the Beach;7;17
Europe’s Big Oil Companies Are Turning Electric;8;17
How to Reverse Course on Trump’s Environmental Damage;8;22
As the Coronavirus Damage Spreads, Talk Turns to Bailouts;3;11
Climate Change Takes Center Stage in Davos;1;20
Félix Fénéon, the Collector-Anarchist Who Was Seurat’s First Champion;8;27
Will the Coronavirus Pandemic Doom North Sea Oil?;4;22
‘I’m Just Living a Nightmare’: Oil Industry Braces for Devastation;4;21
The Loans and the Fury;4;27
Don’t Lose the Thread. The Economy Is Experiencing an Epic Collapse of Demand.;6;6
The Virus Found a Crowded Houston Neighborhood, Sparing One Nearby;7;21
What Apple’s Fortnite Fee Battle Is Really About;9;25
India Outbreak, Hong Kong, Bali Economy: Your Tuesday Briefing;7;20
Coronavirus May Kill Our Fracking Fever Dream;4;10
Saudi Oil Price Cut Is a Market Shock With Wide Tremors;3;9
5 Art Gallery Shows to See Right Now;12;9
Wall Street Plunges in Worst Drop Since 2008;3;9
The Myth of North America, in One Painting;11;25
Economy Faces ‘Tornado-Like Headwind’ as Financial Markets Spiral;3;9
Fracking Once Lifted Pennsylvania. Now It Could Be a Drag.;3;31
It Calls Itself the Energy Capital. Now It Faces 2 ‘Horrifying’ Crises.;4;27
The Case(s) Against Big Tech;10;20
The New World of Work;7;27
Lewisboro, N.Y.: More Rural Than Suburban, With a Range of Housing;4;1
Say One Thing, Donate to Another;7;21
The Market Sees Blue;10;13
Is This How the TikTok Saga Ends?;9;14
Stocks Surge as Oil Prices Rally;5;18
The T List: Holiday Gift Guide, Part I;11;25
Stocks Rise on Hopes for Economic Recovery;5;26
Stocks Rise as Investors Shrug Off Unrest;6;2
Fed Minutes Show Concern About Long-Term Economic Damage;5;20
U.S. Stocks End the Week Lower After Tech Earnings;5;1
U.S. Oil Prices Plunge Into Negative Territory;4;20
As Virus Spreads, U.S. Temporarily Bars Foreigners Who’ve Visited China;1;31
The Year You Finally Read a Book About Climate Change;4;20
The Killing of Gen. Qassim Suleimani: What We Know Since the U.S. Airstrike;1;3
Trump Administration Aims to Block New Funding for Coronavirus Testing and Tracing;7;18
Trump Says He Will Halt Immigration; States Start to Reopen Businesses;4;20
Cities Reimagined;11;17
Corrections: May 20, 2020;5;20
