Bezos Takes Back the Wheel at Amazon;4;22
New York Needed Ventilators. So They Developed One in a Month.;4;20
What It’s Like to Enter the Work Force From Your Childhood Bedroom;7;8
There Aren’t Enough Ventilators to Cope With the Coronavirus;3;18
Under Intense Criticism, Trump Says Government Will Buy More Ventilators;3;27
Take It or Leave It;10;1
Ford Joins Effort to Make Ventilators;3;30
White House Debates How Far to Go on Face Mask Guidelines;4;2
260,000 Words, Full of Self-Praise, From Trump on the Virus;4;27
Profits and Social Responsibility: Revisiting Milton Friedman;10;3
