Online Retailers Spend Millions on Ads Backing Postal Service Bailout;5;6
An Election Battleground: Voting by Mail;8;5
Delivery Workers in South Korea Say They’re Dying of ‘Overwork’;12;15
How to Fix the Coronavirus Testing Mess in 7 Days;3;13
The Postal Service Needs Fixing. Here’s How It Could Happen.;10;1
As Online Buying Surges, So Do Noisy Cargo Flights;4;15
3 Major U.S. Airlines Suspend China Flights Over Coronavirus;1;31
You’ve Got Mail. Will You Get the Coronavirus?;3;24
Slump in Air Travel Hindered Weather Forecasting, Study Shows;10;29
Coronavirus Could Disrupt Weather Forecasting;5;7
‘It’s Very Scary’: U.K. Food Banks Close as Coronavirus Stalls Donations;3;19
Concerns About Coronavirus Variant Cut Off U.K. From Europe;12;21
Stream These Great British Detective Shows;10;1
To Fight Coronavirus, U.K. Asked for Some Volunteers. It Got an Army.;4;7
Big Rigs Begin to Trade Diesel for Electric Motors;3;19
Trump Makes Clear His Opposition to More Money to Support Mail Voting;8;13
Herman Benson, Who Fought Union Corruption, Dies at 104;7;10
‘Terrified’ Package Delivery Employees Are Going to Work Sick;3;21
For Racial Justice, Employees Need Paid Hours Off for Voting;6;12
Trump, the Mail and the Unbinding of America;8;17
Emily Howell Warner, Who Broke a Sky-High Glass Ceiling, Dies at 80;7;17
Biden’s Inaugural Will Be Mostly Virtual, but Money From Donors Will Be Real;12;17
Brace for Holiday ‘Shipageddon’;10;16
Consumer Survey Shows Continued Concern;4;28
Amazon’s Biggest Leap Was Boring;9;2
Can Russia Use the Coronavirus to Sow Discord Among Americans?;3;16
Don’t Let Amazon Get Any Bigger;10;8
A Mile-Long Line for Free Food in Geneva, One of World’s Richest Cities;5;30
You Can’t Fight City Hall. But Maybe You Can Fight Google.;3;10
Lingering Mail Problems Worry Voters in Final Week of Election;10;29
Onetime Relic, Then Hipster Fad, Milkmen Embrace Flood of Clients;3;26
Conflict Over a Rental Car Leads to Elusive A.T.M. Skimming Suspect;7;17
The Best Part of the Campaign Trail (the Food!) Comes Home;5;1
House Hunting in Turks and Caicos: A Villa on the Beach for $795,000;1;22
Does Donald Trump Need a Bailout?;9;29
U.S. Designates China’s Official Media as Operatives of the Communist State;2;18
Uber’s Next Idea: A New Labor Law;8;11
Trump Administration Unveils a Major Shift in Medicaid;1;30
Native American Tribes Sue Treasury Over Stimulus Aid as They Feud Over Funding;5;2
Could the Beirut Explosion Be a Turning Point for Lebanon?;8;12
G.O.P. Split Over State Aid That Could Mostly Go to Democratic Strongholds;5;11
Lockdown Kept Lonely Fans at Home. So Their Teams Went to Them.;12;22
A Car Salesman, a Macedonian Ex-Minister and a $45 Million Mask Scheme;5;26
Democracy Worked This Year. But It Is Under Threat.;11;7
How Much Do You Really Miss Going to the Movies?;10;16
Trump’s Philanthropy: Big Tax Write-Offs and Claims That Don’t Always Add Up;10;23
Why Is Getting a Refund From an Online Travel Agency So Hard?;4;3
House Hunting on Anguilla: An Oceanfront Retreat for $985,000;7;1
Big Ferry Company Dumped Sewage Into Hudson for Years, Whistle-Blowers Say;12;4
Restaurants Find Hope in Delivering Donated Meals to Hospitals;3;30
Trump Postpones June G7 Summit;5;30
Bankers Rebuke S.B.A. as Loan System Crashes in Flood of Applications;4;27
Stony Point, N.Y.: An Escape From the ‘Chaos’ of the City;3;18
A Time to Reflect, and Look Forward;11;12
House Hunting in Belize: A Private Island for Less Than $2 Million;6;17
Fauci to Warn Senate of ‘Needless Suffering and Death’;5;11
Build Build Build Build Build Build Build Build Build Build Build Build Build Build;2;13
Hotelier’s Push for $126 Million in Small-Business Aid Draws Scrutiny;5;1
‘Miss Aluminum,’ by Susanna Moore: An Excerpt;4;14
The Capital of Sprawl Gets a Radically Car-Free Neighborhood;10;31
On Long Island, a Beachfront Haven for Black Families;10;1
‘We Are the Silent First Responders’: The Workers Who Make America Work;4;1
Destroying a Way of Life to Save Louisiana;7;21
‘The Far Left Is the Republicans’ Finest Asset’;11;18
I’m an E.R. Doctor in New York. None of Us Will Ever Be the Same.;4;14
