The Lesson We Are Learning From Zoom;4;8
U.S. Charges Huawei With Racketeering, Adding Pressure on China;2;13
Surging Traffic Is Slowing Down Our Internet;3;26
Russians Are Believed to Have Used Microsoft Resellers in Cyberattacks;12;25
The Week in Business: The Bitter End;12;27
Anger Erupts in China After Teen Says Guardian Repeatedly Raped Her;4;13
India Targets Jeff Bezos Over Amazon and Washington Post;1;20
Barr Urges U.S. Companies to Resist Serving as ‘Pawns’ for China;7;16
How Amazon, Geico and Walmart Fund Propaganda;1;21
U.S. Delivers Another Blow to Huawei With New Tech Restrictions;5;15
Trump’s ‘Opening Our Country Council’ Runs Into Its Own Opening Problems;4;16
Welcome to the Skype Pandemic;4;23
So We’re Working From Home. Can the Internet Handle It?;3;16
As Election Nears, Government and Tech Firms Push Back on Russia (and Trump);10;20
Are Influencers Responsible for the Behavior of Their Followers?;9;4
As Trump Visits India, a Trade Deal Remains Elusive;2;25
Zoom Rushes to Improve Privacy for Consumers Flooding Its Service;4;8
Bob Shane, Last of the Original Kingston Trio, Dies at 85;1;28
Elon Musk Is ‘Not Messing Around’;5;11
Lawmakers, United in Their Ire, Lash Out at Big Tech’s Leaders;7;29
The World Isn’t Ready for a Major Coronavirus Outbreak;2;25
The Tech That Was Fixed in 2020 and the Tech That Still Needs Fixing;12;23
In Rural ‘Dead Zones,’ School Comes on a Flash Drive;11;13
Big Finance, Big Tech and Joe Biden;8;10
Forget the Trump Administration. America Will Save America.;3;21
Washington Weighs Big Bailouts to Help U.S. Economy Survive Coronavirus;3;18
Should C.E.O.s Keep Speaking Out?;11;9
Americans Don’t Trust the Media Anymore. So Why Do They Trust the Cuomos?;4;6
The Big Hack Breaches Treasury’s Top Levels;12;22
Congress Versus the ‘Emperors’;7;30
We Live in Zoom Now;3;17
They Made How Much?;7;31
Is This Trump’s Next Chinese Target?;9;23
Coronavirus Live Updates: Reopening States Are Blindsided by Protests;6;7
