So We’re Working From Home. Can the Internet Handle It?;3;16
Here’s how to watch the Democratic convention.;8;17
Peacock, NBC’s Streaming Service, Will Have a Free Option and ‘The Office’;1;16
Here’s how to watch Night 3 of the convention.;8;19
Night 3 of the convention features high-stakes speeches. Here’s how to watch.;8;19
Trump in South Carolina: Excerpts;2;29
Glued to TV for Now, but When Programming Thins and Bills Mount …;3;17
Studio’s Movies in Theaters Will Be Offered for In-Home Rental;3;16
Ajit Pai, the Republican F.C.C. chair, will leave on Inauguration Day.;11;30
Catch up: Ford posts a profit, United warns pilots of furloughs and more.;7;31
How to Watch the Democratic National Convention;8;18
How to Watch the Democratic National Convention;8;20
Switch From Your Internet Provider’s Email to Something Better;1;24
8 Big-Studio Movies You Can Stream at Home Right Now;3;20
AMC Theaters and Universal Brawl After ‘Trolls World Tour’ Is Online Hit;4;29
We’re Still Smarter Than Computers;11;25
Hollywood Stays Away From Facebook Ad Boycott;7;15
Everyone You Know Just Signed Up for Netflix;4;21
Why the Working Class Votes Against Its Economic Interests;7;31
Gritty, the Philadelphia Flyers Mascot, Is Accused of Punching a Boy in the Back;1;22
Here’s the business news to watch this week.;7;27
A Big Ol’ Virtual Experiment;8;17
Democrats Plan a Virtual Gathering;8;17
N.B.A. Stars and Owners Say They’ll Cover Workers’ Lost Wages;3;14
How Do I Get HBO Max if I Already Have HBO?;5;27
‘Invisible Man’ Tops Box Office, Giving New Life to Old Monsters;3;1
NBC, Under Fire for Trump Event, Faces a Big Test and Bad Memories;10;15
NBCU Names Susan Rovner as New Head of TV and Streaming Content;10;5
Winners and Losers of the Trade Deal;1;16
‘Scared to Death’ by Arbitration: Companies Drowning in Their Own System;4;6
Bundesliga TV Rights Deal Suggests a Softening Market;6;21
Man Charged With Sending Racist Threats to Philadelphia Police Leader;6;17
Biden and D.N.C. Raised Nearly $81 Million in May, a New High;6;15
‘Contagion,’ Steven Soderbergh’s 2011 Thriller, Is Climbing Up the Charts;3;4
Democratic Senators Prepare to ‘Fundamentally Reform’ Capitalism;10;30
PGA Tour’s New TV Deal Indicates Value of Sports Rights Continues to Grow;3;9
T-Mobile Closes Merger With Sprint, and a Wireless Giant Is Born;4;1
When Is a Deal Not a Deal?;9;22
From Cosmetics to NASCAR, Calls for Racial Justice Are Spreading;6;13
NBC Plans for Tokyo Olympics as Coronavirus Worries Advertisers;3;4
Alexandra Korry, 61, Dies; Pushed to End Solitary for Juveniles;10;22
‘We Can Do Better’: One Plan to Erase America’s Digital Divide;4;14
The King of Trump TV Thinks You’re Dumb Enough to Buy It;11;30
A New Activist Playbook;10;8
‘The Hunt,’ a Satire With Elites Killing ‘Deplorables,’ Is Revived;2;11
How Amazon, Geico and Walmart Fund Propaganda;1;21
Bailout or Backstop? Lawmakers May Focus on Fed’s Corporate Bond Buying;6;30
Robots! (Don’t Get Too Excited.);5;21
Parking Lots Have Become a Digital Lifeline;5;5
As Trump Flouts Safety Protocols, News Outlets Balk at Close Coverage;10;12
Germany Prepares for Soccer’s Return;4;8
‘Almost Without Precedent’: Airlines Hit Hard by Coronavirus;3;5
Will ‘Real’ Small Businesses Get the Money This Time?;4;22
When Democrats Vote, Trump Is Never Far Away;2;19
Dizzying Amounts of Money Pour Into the Biden and Trump Campaigns;7;2
Universal’s Theatrical Releases Will Quickly Be Available in Homes;7;28
How May Google Fight an Antitrust Case? Look at This Little-Noticed Paper;7;13
Former Hulu Boss Will Lead WarnerMedia, Home of HBO and CNN;4;1
Yes, the Mets Are Still for Sale. No, the Owners Don’t Have to Sell Them.;2;13
An N.B.A. Veteran Turns Wisdom Into Wins, On and Off the Court;12;7
T-Mobile and Sprint Are Cleared to Merge as the Big Get Bigger;2;11
Who’s Behind the Fight Between Warner Bros. and Hollywood? It’s AT&T;12;8
Who Tells Trump When to Restart the Economy;4;15
Why a Trump Loss May Be No Match for Rupert Murdoch’s Realpolitik;11;10
Should You Say Yes to That Favor? Well …;7;17
Facebook Won’t Take Down Misleading Political Ads;1;9
Surging Traffic Is Slowing Down Our Internet;3;26
90,000 Told to Flee as California Fires Nearly Double in Size;10;27
Democrats Eye Trump’s Game Plan to Reverse Late Rule Changes;7;17
Trump Put Down Philadelphia. The City Got Payback.;11;9
Stocks Inch Higher as Wall Street’s Turmoil Continues;3;19
As Cable TV Fades, Fearing ‘the End of Comedy Central’;5;17
HBO Max Is Here to Take On Netflix. Is It Too Late?;5;26
Two Veteran C.E.O.s Risk $1.8 Billion on a Streaming App. In a Pandemic.;4;5
The New World of Work;7;27
Record Ratings and Record Chaos on Cable News;5;31
The Wallets of Wall Street Are With Joe Biden, if Not the Hearts;8;9
Big Blank Checks;7;14
Will Doug Emhoff’s Legal Career Be an Issue for the Biden-Harris Ticket?;9;8
The Market Sees Blue;10;13
The Great News Quiz of 2020;12;30
Racial Justice Groups Flooded With Millions in Donations in Wake of Floyd Death;6;14
An Olympic Showdown: The Rising Clamor to Postpone the Tokyo Summer Games;3;21
Fed Minutes Show Concern About Long-Term Economic Damage;5;20
U.S. Stocks Have Their Best Month Since 1987;4;30
Tracking Trump’s Claims on the Threat From Coronavirus;3;6
Remembering the 100,000 Lives Lost to Coronavirus in America;5;24
Tom Steyer’s Top Priority Isn’t Climate Change;1;13
