Enlisted Late, Online Lenders Still Must Wait to Help Speed Up Stimulus;4;9
Should a Parent of Two Children Split Inheritance Equally?;5;26
Paid Time Off, Free Fries: How Corporate America Is Getting Out the Vote;10;23
Twitter will invest $100 million in lenders promoting racial equality.;11;12
‘Don’t Be Afraid of It’?;10;6
Here’s the business news to watch this week.;7;27
Is It Tacky to Give Holiday Tips Digitally?;12;19
U.S. Businesses Take Steps to Reopen;5;6
‘People Need Immediate Relief,’ and Online Donors Make It Happen;3;16
Ant Group Set to Raise $34 Billion in World’s Biggest I.P.O.;10;26
Google Takes Aim at Amazon. Again.;7;23
How Can We Help One Another?;3;19
Even if Trump Doesn’t Bring Up Climate Change Tonight, This Ad Will;2;4
Facebook-Backed Libra Cryptocurrency Project Is Scaled Back;4;16
What Does the ‘Next Normal’ Look Like for the Global Economy?;12;18
I Left My Husband Before the Pandemic. Can I Go Back to Him Now?;5;14
These People Really Care About Fonts;1;24
Quibi, JetBlue and Others Gave Away Email Addresses, Report Says;4;29
The Week in Business: The Vaccine Boost;11;15
Palantir, Tech’s Next Big I.P.O., Lost $580 Million in 2019;8;21
Puckered;10;8
A Mighty Ant;10;27
The Small-Business Aid Program Has Been a Fiasco;4;21
How to Reduce Credit Card Fraud;6;8
How to Help Victims of Australia’s Fires;1;6
How Amazon, Geico and Walmart Fund Propaganda;1;21
Drug-Dealing Network Alleged at Duke, U.N.C. Chapel Hill and Appalachian State;12;18
Palantir Shares Go Up in Wall Street Debut;9;30
‘Tokenized’: Inside Black Workers’ Struggles at the King of Crypto Start-Ups;11;27
Are Companies More Productive in a Pandemic?;6;23
Can You Make Money in Live Comedy Right Now? Some Producers Say Yes;4;20
Marie’s Is Closed, but Its ‘Dominatrix’ Pianist Still Takes Requests;4;3
Justice Dept. Ends Inquiries Into 3 Senators’ Stock Trades;5;26
Why Trump is Pushing for Higher Oil Prices;4;13
Corporations Must Do Their Part to Preserve Democracy;10;5
How Can We Help One Another During the Coronavirus Outbreak?;3;18
Square, Jack Dorsey’s Pay Service, Is Withholding Money Merchants Say They Need;6;23
The Fed Is Buying E.T.F.s Today;5;12
Coronavirus Wrecked Tesla’s Momentum and Elon Musk Is Furious;5;13
Gen Zers Say Silicon Valley Is Elitist and Exclusive. Can They Build a New System?;9;15
Our Cash-Free Future Is Getting Closer;7;6
When an Oil Price War Meets Coronavirus Fears, Markets Get Punched in the Face;3;9
Uber’s Bid for Grubhub Shows That Deals Aren’t Dead Yet;5;13
Where to Donate to Bolster a Quieted Arts Scene;4;3
Senator Richard Burr Sold a Fortune in Stocks as G.O.P. Played Down Coronavirus Threat;3;20
Corporate Hashtag Activism;6;3
Meet the Speakers for the DealBook Online Summit;11;12
What the Twitter Hack Revealed: An Election System Teeming With Risks;7;16
The Children of Pornhub;12;4
What C.E.O.s Are Worried About;11;25
As California Goes, So Goes the Nation’s Business?;11;2
Business and World Leaders Move On as Trump Fights to Reverse Election;11;21
What to Expect on Election Day;11;3
The New World of Work;7;27
In Lockdown, a Neighborhood Opens Up;5;30
SpaceX Lifts NASA Astronauts to Orbit, Launching New Era of Spaceflight;5;30
Silicon Valley Leaders’ Plea to Democrats: Anyone but Sanders;3;2
In a German Tech Giant’s Fall, Charges of Lies, Spies and Missing Billions;6;26
Quibi’s Quick End;10;22
The New Unsexy Sexy Marketplace;9;26
At Europe’s Illegal Parties, the Virus Is the Last Thing on Anyone’s Mind;8;7
How to Stream New Year’s Eve: 25 Shows From Pop, Jazz and Beyond;12;30
Treasury Says Small-Business Loans Supported Over 50 Million Jobs;7;6
Does Palantir See Too Much?;10;21
From Cosmetics to NASCAR, Calls for Racial Justice Are Spreading;6;13
Elon Musk, Blasting Off in Domestic Bliss;7;25
Faces of Power: 80% Are White, Even as U.S. Becomes More Diverse;9;10
