Classic Skyscrapers Define New York. Take a Virtual Tour.;4;22
Her Just-Friends Note Was Tossed in a Hurry;7;31
Can Artificial Sweeteners Keep Us From Gaining Weight?;8;20
Cleveland’s Baseball Team Will Drop Its Indians Team Name;12;14
2 Art Gallery Shows to Explore From Home;6;24
As Crisis Deepens, Companies Hand Out Cash to Workers;3;21
Stephen Colbert Celebrates Trump’s Final Debate;10;23
How Covid-19 Is Making Millions of Americans Healthier;4;18
Lead-In to Some Important Articles;1;3
Smart Relative?;9;19
Is It Too Soon to Write Off Michael Bloomberg?;2;21
Cleveland Makes Name Removal Official, Saying It Is ‘Moving Forward’;12;14
What’s on TV This Week: ‘Jimmy Carter Rock & Roll President’ and ‘RuPaul’s Drag Race’;12;28
The TV Commercial, Once Advertising’s Main Event, Suffers in the Pandemic;5;28
For Native American Activists, Washington Name Change Was ‘a Long Time Coming’;7;13
Washington and the N.F.L. Might Change the Redskins Name. Why Now?;7;3
Driving Lessons With a Whiff of Mortality;10;16
In Every Corner of Bangkok, Spirits Need a Home and Maybe a Strawberry Fanta;6;13
Flour and Toilet Paper Are Back at N.Y. Supermarkets, but There’s a Catch;7;14
Brad Pitt Plays Dr. Anthony Fauci in an At-Home Edition of ‘S.N.L.’;4;26
‘Corporate America Has Failed Black America’;6;6
Bob Dylan Sells His Songwriting Catalog in Blockbuster Deal;12;7
‘Wayne’s World’ & Me;7;1
The C.E.O. Who Promised There Would Be No Layoffs;11;6
Protests Draw Shoulder-to-Shoulder Crowds After Months of Virus Isolation;6;3
Big Business Pledged Gentler Capitalism. It’s Not Happening in a Pandemic.;4;13
FedEx Made a Demand Dan Snyder Couldn’t Afford to Dismiss;7;10
Walter E. Williams, 84, Dies; Conservative Economist on Black Issues;12;4
Always Look on the Bright Side of Impeachment;1;28
The Case of the LVMH Letter;9;10
Forgetting Contagion, Stocks Recover Their Losses;6;8
Protesters Weigh Virus Risks on Crowded Streets;6;2
Tax Records Reveal How Fame Gave Trump a $427 Million Lifeline;9;29
Notable Deaths 2020;9;25
Jon Stewart Is Back to Weigh In;6;15
