TikTok Deal Faces Complications as U.S. and China Ratchet Up Tit-for-Tat;8;31
Will Luxury Smartwatches Succeed?;10;12
Apple Introduces New Macs With the First Apple Chips;11;10
U.S. Places Restrictions on China’s Leading Chip Maker;9;26
Trump Administration Considering Halting Sales of Aircraft Parts to China;2;16
SoftBank Said to Be Near Deal to Sell British Chip Designer Arm;9;12
Congress Versus the ‘Emperors’;7;30
Nvidia Buys Arm From SoftBank for $40 Billion;9;14
Digital Habits Are Hard to Break;7;24
TikTok Deal Is Complicated by New Rules From China Over Tech Exports;8;29
After 15 Years, Apple Prepares to Break Up With Intel;6;19
The Tech That Might Help Cyclists and Cars Coexist Safely;10;9
With Alibaba Investigation, China Gets Tougher on Tech;12;24
How to Reset the Relationship Between the U.S. and China;12;18
U.S. Is Using Taiwan as a Pressure Point in Tech Fight With China;5;19
A $100 Million Bet That Vacationland Can Be a Tech Hub, Too;1;27
With Money, and Waste, China Fights for Chip Independence;12;24
What Kamala Harris Means for Wall Street and Silicon Valley;8;12
U.S. Trade Deficit Shrinks, but Not Because Factories Are Returning;2;5
Mars Is About to Have Its ‘Wright Brothers Moment’;6;23
Wuhan, Trump, Oscars: Your Friday Briefing;2;6
Trump Signs China Trade Deal, Putting Economic Conflict on Pause;1;15
As California Goes, So Goes the Nation’s Business?;11;2
The New World of Work;7;27
Steven Cohen’s Redemption Tour;8;31
SARS Stung the Global Economy. The Coronavirus Is a Greater Menace.;2;3
Is This How the TikTok Saga Ends?;9;14
We Have Questions About SoftBank;9;8
The Rich Kids Who Want to Tear Down Capitalism;11;27
