Hospitals Struggle to Restart Lucrative Elective Care After Coronavirus Shutdowns;5;9
Supreme Court Rules for Insurers in $12 Billion Obamacare Case;4;27
Big Tech Zeros In on the Virus-Testing Market;6;18
Where Is Trump’s Plan to Test Millions of Americans a Day?;4;21
The Pandemic’s Mental Toll: More Ripple Than Tsunami;6;21
Coronavirus May Add Billions to U.S. Health Care Bill;3;28
These Patients Are Hard to Treat;1;8
Amid Hydroxychloroquine Uproar, Real Studies of Drug Are Suffering;5;19
Stocks Surge as Biden Leads Super Tuesday Results;3;4
Now That Coronavirus Tests Are Free, Some Insurers Are Waiving Costs for Treatment;3;19
N.Y.C. Health Commissioner Resigns After Clashes With Mayor Over Virus;8;4
Business Leaders Speak Out on Election Integrity;10;14
These Labs Rushed to Test for Coronavirus. They Had Few Takers.;5;21
New Questions About Leon Black’s Ties to Jeffrey Epstein;10;12
City Praises Contact-Tracing Program. Workers Call Rollout a ‘Disaster.’;7;29
Wall Street Rallies as Investors Focus on the Recovery;4;8
Jobless Claims Show Another 1.5 Million Filings;6;18
Bleak Data Shows Extent of Economic Damage;4;15
Obamacare Turns 10. Here’s a Look at What Works and Doesn’t.;3;23
At Talkspace, Start-Up Culture Collides With Mental Health Concerns;8;7
Your Money: A Hub for Help During the Coronavirus Crisis;3;18
Postal Service Funding Dispute Complicates Impasse Over U.S. Virus Stimulus;8;5
Faces of Power: 80% Are White, Even as U.S. Becomes More Diverse;9;10
