Headline;Month;Day
Hollywood Stays Away From Facebook Ad Boycott;7;15
How Amazon, Geico and Walmart Fund Propaganda;1;21
Private Tutors, Pop-Up Schools or Nothing at All: How Employers Are Helping Parents;9;17
Joseph Kernan, Vietnam P.O.W. and Indiana Governor, Dies at 74;7;29
Why We Don’t Recommend Smart Toothbrushes;4;14
Women, Leadership and the Post-Pandemic World;11;17
NBC Plans for Tokyo Olympics as Coronavirus Worries Advertisers;3;4
With a New Leader, Conservatives Look to Unseat Justin Trudeau;8;28
South Korea Confirms a Jump in Coronavirus Infections;2;20
3 Easy Ways to Save Energy Without Extra Effort;1;23
‘Get Well or Die’: A State Senator Reveals His Addiction Battle;2;10
More Than 1,000 Companies Boycotted Facebook. Did It Work?;8;1
How to Handwash Your Clothes;4;16
3 Easy Ways to Save Energy Without Extra Effort;1;30
This Pilates Business Loves (and Hates) Tech;6;26
Amazon Angles to Grab Back Customers;5;22
‘Blatant Misogyny’: U.S. Women Protest, and U.S. Soccer President Resigns;3;12
Why Driving in New York City Now Feels ‘Post-Apocalyptic’;5;17
Harry Hoffman Dies at 92, Led the Expansion of Waldenbooks;6;5
WNYC Employees Demanded Diversity. They Got Another White Boss.;7;3
In Hard Times, a Barrage of Ads Promises Peace of Mind;9;1
Summer Olympics in Tokyo to Start on July 23, 2021;3;30
The Coronavirus Is Airborne Indoors. Why Are We Still Scrubbing Surfaces?;11;19
When Bosses Shared Their Profits;6;25
Biden’s Choice;8;10
I Am Hospitalized With the Coronavirus;3;27
A Rush to Use Black Art Leaves the Artists Feeling Used;7;20
Will ‘Big Data’ Restore Active Managers’ Mojo?;4;15
How to Help Kids Open Up About Anything;10;15
Rise in Unemployment Claims Signals an Economic Reversal;7;23
TikTok, Huawei and the ‘Splinternet’;8;18
A Revolt Over Safety and Pay;3;31
Advertiser Exodus Snowballs as Facebook Struggles to Ease Concerns;6;30
The New World of Work;7;27
Tit for Tat for TikTok;9;1
Priorities for a Post-Pandemic World;12;9
How to Diversify Your Toy Box;8;3
Why Montana Is a Test Case for Democrats’ Winning the Senate;7;27
Billionaire Confessional: David Rubenstein on Wealth and Privilege;3;12
Running the Numbers on Biden’s Tax Policy;10;19
All the Companies Quitting Facebook;6;29
Stocks Surge on Hopes for Economic Rescue Deal;3;24
They Made How Much?;7;31
We Have Questions About SoftBank;9;8
Goldman Makes Its Bankers Pay;10;23
Stocks Slide as Texas Rolls Back Reopening;6;26
Stocks Rally After Talk of Reopening Economy;4;17
Who Will Fill Biden’s Cabinet?;11;11
Faces of Power: 80% Are White, Even as U.S. Becomes More Diverse;9;10
Profits and Social Responsibility: Revisiting Milton Friedman;10;3
